Country,Region,Population (M),GDP Per Capita,Internet Penetration,Startup Ecosystem Rank,English Proficiency,Ease of Doing Business Rank,Tech Hubs,Key Advantage
Kazakhstan,Central Asia,19.4,$13,000,93%,Top 50,Medium,25,3,FinTech gateway to Central Asia
Uzbekistan,Central Asia,35.0,$2,500,78%,Emerging,Low,Top 80,2,Largest population in Central Asia
Georgia,Caucasus,3.7,$8,000,85%,Top 20,High,Top 10,5,Easiest business registration in region
Armenia,Caucasus,2.8,$7,500,82%,Top 30,High,Top 40,4,Strong tech talent diaspora
Azerbaijan,Caucasus,10.2,$7,500,80%,Emerging,Low,Top 60,2,Oil wealth funding tech transition
Poland,Eastern Europe,37.7,$22,000,88%,Top 20,High,Top 25,8,Largest EU emerging market
Ukraine,Eastern Europe,41.0,$5,000,79%,Top 10,High,Top 40,6,Top-tier engineering talent
Lithuania,Baltic,2.8,$25,000,92%,Top 15,Very High,Top 10,3,Fintech leader (Revolut HQ)
Latvia,Baltic,1.9,$23,000,90%,Top 15,Very High,Top 15,2,Strategic Baltic gateway
Estonia,Baltic,1.3,$30,000,92%,Top 10,Very High,Top 10,4,e-Residency pioneer
Morocco,North Africa,37.5,$3,500,84%,Emerging,Low,Top 50,3,Africa tech bridge
Egypt,North Africa,110.0,$4,000,72%,Emerging,Low,Top 60,4,Largest Arab market
Nigeria,West Africa,224.0,$2,200,55%,Emerging,Low,Top 70,3,Africa's largest economy
Kenya,East Africa,55.0,$2,100,83%,Top 40,Medium,Top 80,3,Silicon Savannah
South Africa,Southern Africa,60.0,$6,800,72%,Top 15,High,Top 40,4,Most developed African market
Vietnam,Southeast Asia,98.0,$4,300,79%,Top 20,Medium,Top 30,5,Fastest growing tech hub
Indonesia,Southeast Asia,276.0,$5,000,67%,Emerging,Low,Top 50,4,Largest SE Asia market
Philippines,Southeast Asia,114.0,$3,600,73%,Top 15,High,Top 60,3,English-speaking BPO hub
Bangladesh,South Asia,170.0,$2,700,39%,Emerging,Low,Top 100,2,Garment-to-tech transition
Pakistan,South Asia,240.0,$1,600,36%,Top 30,Medium,Top 80,3,Massive untapped digital market
Source: World Bank, ITU, StartupBlink, World Economic Forum, 2024-2026 data. CC BY 4.0. Cite as: Sipiteno (sipiteno.com), "Emerging Markets Expansion Index", 2026.
