metric,value,source
Global SaaS market size (2026 est.),$347B,Gartner SaaS Forecast 2026
Micro-SaaS share of SaaS companies,~85%,Nathan Latka SaaS Database 2025
Median ARR of micro-SaaS (<10 employees),$24K,MicroConf State of SaaS Survey 2025
Solopreneur SaaS median ARR,$12K,Indie Hackers Revenue Survey 2025
Bootstrap vs VC-backed SaaS success rate,67% / 48%,Startup Genome Report 2025
Average SaaS product launches per year,"~125,000",Dealroom SaaS Landscape 2025
Top SaaS category by volume,Productivity (18%),CB Insights SaaS Report 2025
AI-enabled SaaS growth premium (revenue),+31% YoY,Bessemer State of Cloud 2025
Micro-SaaS founder with prior domain experience,74%,MicroConf Founder Survey 2025
